Carousell,1039851614
28Car,s1972107
Carousell,1076706645
28Car,s1978525
28Car,s1960316
28Car,s1973851
28Car,s1956705
28Car,s1986806
Carousell,1072602672
MyCarHK,7275
MyCarHK,7863
PriceDotCom,1091365
28Car,s2007178
28Car,s1915416
28Car,s1915804
28Car,s1864217
28Car,s1927931
Car2SoSo,0019020093
28Car,s1973706
28Car,s1952964
28Car,s1964766
28Car,s2012036
28Car,s1987600
PriceDotCom,1084967
28Car,s1928389
28Car,s1982034
28Car,s1941456
HKCarTrader,23548
Carousell,1108201816
Facebook,1077338039426001
Facebook,140199147970341
Facebook,1739275019606906
Facebook,463124298070043
Facebook,532837068043055
Facebook,447227373241322
Facebook,829595794255910
Facebook,720063712013941
Facebook,464435494700200
28Car,s2004588
28Car,s2002885
28Car,s1984865
28Car,s1985678
28Car,s1856269
Facebook,322457962237412
Facebook,896250810820486
28Car,s1855710
Carousell,187367888
Car2SoSo,0012400021
Carousell,141155872
Facebook,119926003284247
Facebook,159327675802688
Facebook,1033142350517983
Facebook,219411899921569
Facebook,449642796185948
Facebook,415017896254780
Facebook,861386707995194
Facebook,778440856072166
Facebook,743306543228477
Facebook,1286224481760338
28Car,s1989482
28Car,s1988437
28Car,s1885902
28Car,s1885920
28Car,s1931763
28Car,s1898893
28Car,s1920549
28Car,s1917255
28Car,s1931769
28Car,s1908431
28Car,s1898900
Facebook,1057597284732779
Facebook,1859279594254596
Facebook,253179786471867
Facebook,774671013478975
Facebook,438270780790474
Facebook,264909151798872
Facebook,266667395003658
Facebook,1859130154254248
Facebook,277734917112965
Facebook,551556569094347
Facebook,1158503901273818
Facebook,1145807372540216
Facebook,859577048228162
Facebook,276322760813535
Facebook,812301392659107
Facebook,150054100267414
Facebook,270879494539607
Facebook,854877598576704
Facebook,3783581908357820
Facebook,1083054568861555
Facebook,464695198217430
Facebook,812586286299638
Facebook,706540803397822
Facebook,537043960808733
Facebook,1101197483699808
Facebook,732217147724347
Facebook,244544183727799
Facebook,2723688251187037
Facebook,435860690891544
Facebook,674215016612740
Facebook,166192051892469
Facebook,163053802226096
Facebook,3653873034650742
Facebook,2990927214527677
Facebook,921217298630061
Facebook,207285817849292
Facebook,261009425616088
Facebook,137686388187159
28Car,s1968378
28Car,s1929738
28Car,s1920503
28Car,s1902961
28Car,s1908350
28Car,s1877921
28Car,s1934343
Carousell,1051189168
28Car,s1912624
28Car,s1915256
28Car,s1914336
28Car,s1920386
28Car,s1917588
28Car,s1879190
28Car,s1883640
28Car,s1870573
28Car,s1869568
28Car,s1875156
28Car,s1871604
28Car,s1874391
IAutoMobile,564
AsiaXPAT,190808
28Car,s1978741
28Car,s1978834
28Car,s1962101
28Car,s1973672
